134,34,200_32.png
37,36,9_167.png
38,36,9_168.png
37,37,9_187.png
38,37,9_188.png
40,38,9_204.png
41,38,9_205.png
140,38,200_32.png
40,39,9_224.png
41,39,9_225.png
98,41,200_32.png
19,42,9_207.png
20,42,9_208.png
19,43,9_227.png
20,43,9_228.png
43,44,9_7.png
44,44,9_8.png
45,44,9_9.png
116,44,200_32.png
39,45,9_10.png
40,45,9_11.png
41,45,9_12.png
43,45,9_27.png
44,45,9_28.png
45,45,9_29.png
113,45,9_60.png
114,45,9_61.png
115,45,9_62.png
20,46,9_65.png
21,46,9_66.png
22,46,9_204.png
23,46,9_205.png
39,46,9_30.png
40,46,9_31.png
41,46,9_32.png
43,46,9_207.png
44,46,9_208.png
52,46,9_204.png
53,46,9_205.png
96,46,9_104.png
97,46,9_105.png
98,46,9_106.png
100,46,9_204.png
101,46,9_205.png
113,46,9_80.png
114,46,9_81.png
115,46,9_82.png
20,47,9_85.png
21,47,9_86.png
22,47,9_224.png
23,47,9_225.png
43,47,9_227.png
44,47,9_228.png
52,47,9_224.png
53,47,9_225.png
96,47,9_124.png
97,47,9_125.png
98,47,9_126.png
100,47,9_224.png
101,47,9_225.png
18,48,9_160.png
19,48,9_161.png
87,48,200_32.png
97,48,9_7.png
98,48,9_8.png
99,48,9_9.png
121,48,200_32.png
18,49,9_180.png
19,49,9_181.png
97,49,9_27.png
98,49,9_28.png
99,49,9_29.png
18,50,9_200.png
19,50,9_201.png
104,50,9_65.png
105,50,9_66.png
118,50,9_204.png
119,50,9_205.png
104,51,9_85.png
105,51,9_86.png
118,51,9_224.png
119,51,9_225.png
40,52,9_170.png
41,52,9_171.png
96,52,9_160.png
97,52,9_161.png
40,53,9_190.png
41,53,9_191.png
96,53,9_180.png
97,53,9_181.png
21,54,9_209.png
22,54,9_210.png
23,54,9_211.png
25,54,9_207.png
26,54,9_208.png
96,54,9_200.png
97,54,9_201.png
21,55,9_229.png
22,55,9_230.png
23,55,9_231.png
25,55,9_227.png
26,55,9_228.png
76,55,200_32.png
21,56,9_13.png
22,56,9_14.png
23,56,9_15.png
25,56,9_167.png
26,56,9_168.png
60,56,9_160.png
61,56,9_161.png
93,56,9_163.png
94,56,9_164.png
21,57,9_33.png
22,57,9_34.png
23,57,9_35.png
25,57,9_187.png
26,57,9_188.png
60,57,9_180.png
61,57,9_181.png
93,57,9_183.png
94,57,9_184.png
98,57,200_39.png
60,58,9_200.png
61,58,9_201.png
85,58,9_207.png
86,58,9_208.png
90,58,9_104.png
91,58,9_105.png
92,58,9_106.png
85,59,9_227.png
86,59,9_228.png
90,59,9_124.png
91,59,9_125.png
92,59,9_126.png
108,59,200_38.png
75,60,9_1.png
76,60,9_2.png
77,60,9_3.png
73,61,9_67.png
74,61,9_68.png
75,61,9_21.png
76,61,9_22.png
77,61,9_23.png
117,61,9_10.png
118,61,9_11.png
119,61,9_12.png
56,62,9_65.png
57,62,9_66.png
70,62,9_204.png
71,62,9_205.png
73,62,9_54.png
74,62,9_55.png
75,62,9_89.png
116,62,9_65.png
117,62,9_66.png
118,62,9_31.png
119,62,9_32.png
56,63,9_85.png
57,63,9_86.png
70,63,9_224.png
71,63,9_225.png
73,63,9_74.png
74,63,9_75.png
75,63,9_76.png
116,63,9_85.png
117,63,9_86.png
74,64,9_95.png
75,64,9_96.png
76,64,9_2.png
77,64,9_3.png
108,64,9_160.png
109,64,9_161.png
117,64,9_163.png
118,64,9_164.png
121,64,9_7.png
122,64,9_8.png
123,64,9_9.png
70,65,9_110.png
71,65,9_111.png
75,65,9_21.png
76,65,9_22.png
77,65,9_23.png
108,65,9_180.png
109,65,9_181.png
117,65,9_183.png
118,65,9_184.png
121,65,9_27.png
122,65,9_28.png
123,65,9_29.png
66,66,9_104.png
67,66,9_105.png
68,66,9_106.png
70,66,9_130.png
71,66,9_131.png
72,66,9_104.png
73,66,9_105.png
74,66,9_106.png
108,66,9_200.png
109,66,9_201.png
129,66,9_209.png
130,66,9_210.png
131,66,9_211.png
66,67,9_124.png
67,67,9_125.png
68,67,9_126.png
70,67,9_150.png
71,67,9_151.png
72,67,9_144.png
73,67,9_125.png
74,67,9_126.png
129,67,9_229.png
130,67,9_230.png
131,67,9_231.png
39,68,9_163.png
40,68,9_164.png
63,68,9_1.png
64,68,9_2.png
65,68,9_3.png
67,68,9_7.png
68,68,9_8.png
69,68,9_9.png
71,68,9_120.png
72,68,9_121.png
129,68,9_1.png
130,68,9_2.png
131,68,9_3.png
39,69,9_183.png
40,69,9_184.png
61,69,9_67.png
62,69,9_68.png
63,69,9_21.png
64,69,9_22.png
65,69,9_23.png
67,69,9_27.png
68,69,9_28.png
69,69,9_29.png
71,69,9_140.png
72,69,9_141.png
103,69,9_67.png
104,69,9_68.png
105,69,9_69.png
106,69,9_70.png
129,69,9_21.png
130,69,9_22.png
131,69,9_23.png
61,70,9_54.png
62,70,9_55.png
63,70,9_89.png
67,70,9_207.png
68,70,9_208.png
99,70,9_209.png
100,70,9_210.png
101,70,9_211.png
103,70,9_54.png
104,70,9_55.png
105,70,9_89.png
106,70,9_90.png
134,70,9_202.png
135,70,9_203.png
61,71,9_74.png
62,71,9_75.png
63,71,9_76.png
65,71,9_100.png
66,71,9_101.png
67,71,9_227.png
68,71,9_228.png
99,71,9_229.png
100,71,9_230.png
101,71,9_231.png
103,71,9_74.png
104,71,9_75.png
105,71,9_76.png
134,71,9_222.png
135,71,9_223.png
62,72,9_95.png
63,72,9_96.png
64,72,9_2.png
65,72,9_120.png
66,72,9_121.png
104,72,9_95.png
105,72,9_96.png
106,72,9_2.png
107,72,9_3.png
139,72,9_167.png
140,72,9_168.png
63,73,9_21.png
64,73,9_22.png
65,73,9_140.png
66,73,9_141.png
100,73,9_110.png
101,73,9_111.png
105,73,9_21.png
106,73,9_22.png
107,73,9_23.png
113,73,9_60.png
114,73,9_61.png
115,73,9_62.png
117,73,9_10.png
118,73,9_11.png
119,73,9_12.png
139,73,9_187.png
140,73,9_188.png
39,74,9_209.png
40,74,9_210.png
41,74,9_211.png
99,74,9_112.png
100,74,9_113.png
101,74,9_131.png
102,74,9_104.png
103,74,9_105.png
104,74,9_106.png
113,74,9_80.png
114,74,9_81.png
115,74,9_82.png
117,74,9_30.png
118,74,9_31.png
119,74,9_32.png
139,74,9_207.png
140,74,9_208.png
39,75,9_229.png
40,75,9_230.png
41,75,9_231.png
99,75,9_132.png
100,75,9_133.png
101,75,9_151.png
102,75,9_144.png
103,75,9_125.png
104,75,9_126.png
139,75,9_227.png
140,75,9_228.png
101,76,9_120.png
102,76,9_121.png
141,76,9_13.png
142,76,9_14.png
143,76,9_15.png
53,77,9_60.png
54,77,9_61.png
55,77,9_62.png
101,77,9_140.png
102,77,9_141.png
141,77,9_33.png
142,77,9_34.png
143,77,9_35.png
53,78,9_80.png
54,78,9_81.png
55,78,9_82.png
62,78,9_65.png
63,78,9_66.png
62,79,9_85.png
63,79,9_86.png
102,80,7_87.png
103,80,7_88.png
104,80,7_89.png
102,81,7_107.png
103,81,7_108.png
104,81,7_109.png
46,82,9_204.png
47,82,9_205.png
92,82,9_65.png
93,82,9_66.png
94,82,9_204.png
95,82,9_205.png
102,82,7_47.png
103,82,7_48.png
104,82,7_49.png
105,82,7_50.png
106,82,7_51.png
107,82,7_52.png
46,83,9_224.png
47,83,9_225.png
92,83,9_85.png
93,83,9_86.png
94,83,9_224.png
95,83,9_225.png
102,83,7_67.png
103,83,7_68.png
104,83,7_69.png
105,83,7_70.png
106,83,7_71.png
107,83,7_72.png
93,84,9_13.png
94,84,9_14.png
95,84,9_15.png
102,84,7_7.png
103,84,7_8.png
104,84,7_9.png
105,84,7_10.png
106,84,7_11.png
107,84,7_12.png
93,85,9_33.png
94,85,9_34.png
95,85,9_35.png
102,85,7_27.png
103,85,7_28.png
104,85,7_29.png
105,85,7_30.png
106,85,7_31.png
107,85,7_32.png
66,86,7_47.png
67,86,7_48.png
68,86,7_49.png
87,86,9_209.png
88,86,9_210.png
89,86,9_211.png
91,86,9_72.png
92,86,9_73.png
148,86,9_204.png
149,86,9_205.png
66,87,7_67.png
67,87,7_68.png
68,87,7_69.png
87,87,9_229.png
88,87,9_230.png
89,87,9_231.png
91,87,9_92.png
92,87,9_93.png
148,87,9_224.png
149,87,9_225.png
63,88,7_90.png
64,88,7_91.png
65,88,7_92.png
99,88,9_163.png
100,88,9_164.png
63,89,7_110.png
64,89,7_111.png
65,89,7_112.png
99,89,9_183.png
100,89,9_184.png
87,90,7_50.png
88,90,7_51.png
89,90,7_52.png
35,91,9_4.png
36,91,9_5.png
37,91,9_6.png
87,91,7_70.png
88,91,7_71.png
89,91,7_72.png
35,92,9_24.png
36,92,9_25.png
37,92,9_26.png
81,92,9_163.png
82,92,9_164.png
87,92,7_10.png
88,92,7_11.png
89,92,7_12.png
90,92,7_87.png
91,92,7_88.png
92,92,7_89.png
142,92,9_170.png
143,92,9_171.png
57,93,9_10.png
58,93,9_11.png
59,93,9_12.png
81,93,9_183.png
82,93,9_184.png
87,93,7_30.png
88,93,7_31.png
89,93,7_32.png
90,93,7_107.png
91,93,7_108.png
92,93,7_109.png
142,93,9_190.png
143,93,9_191.png
30,94,9_104.png
31,94,9_105.png
32,94,9_106.png
34,94,9_204.png
35,94,9_205.png
43,94,9_207.png
44,94,9_208.png
57,94,9_30.png
58,94,9_31.png
59,94,9_32.png
30,95,9_124.png
31,95,9_125.png
32,95,9_126.png
34,95,9_224.png
35,95,9_225.png
43,95,9_227.png
44,95,9_228.png
69,96,7_10.png
70,96,7_11.png
71,96,7_12.png
72,96,7_7.png
73,96,7_8.png
74,96,7_9.png
69,97,7_30.png
70,97,7_31.png
71,97,7_32.png
72,97,7_27.png
73,97,7_28.png
74,97,7_29.png
69,98,7_50.png
70,98,7_51.png
71,98,7_52.png
72,98,7_47.png
73,98,7_48.png
74,98,7_49.png
96,98,9_104.png
97,98,9_105.png
98,98,9_106.png
121,98,9_72.png
122,98,9_73.png
127,98,9_207.png
128,98,9_208.png
130,98,9_204.png
131,98,9_205.png
69,99,7_70.png
70,99,7_71.png
71,99,7_72.png
72,99,7_67.png
73,99,7_68.png
74,99,7_69.png
96,99,9_124.png
97,99,9_125.png
98,99,9_126.png
121,99,9_92.png
122,99,9_93.png
127,99,9_227.png
128,99,9_228.png
130,99,9_224.png
131,99,9_225.png
49,100,9_7.png
50,100,9_8.png
51,100,9_9.png
97,100,9_7.png
98,100,9_8.png
99,100,9_9.png
117,100,9_1.png
118,100,9_2.png
119,100,9_3.png
129,100,9_1.png
130,100,9_2.png
131,100,9_3.png
49,101,9_27.png
50,101,9_28.png
51,101,9_29.png
79,101,9_67.png
80,101,9_68.png
81,101,9_69.png
87,101,9_10.png
88,101,9_11.png
89,101,9_12.png
91,101,9_67.png
92,101,9_68.png
93,101,9_69.png
94,101,9_70.png
97,101,9_27.png
98,101,9_28.png
99,101,9_29.png
117,101,9_21.png
118,101,9_22.png
119,101,9_23.png
120,101,9_61.png
121,101,9_62.png
129,101,9_21.png
130,101,9_22.png
131,101,9_23.png
147,101,9_10.png
148,101,9_11.png
149,101,9_12.png
57,102,9_209.png
58,102,9_210.png
59,102,9_211.png
79,102,9_87.png
80,102,9_88.png
81,102,9_89.png
87,102,9_30.png
88,102,9_31.png
89,102,9_32.png
91,102,9_54.png
92,102,9_55.png
93,102,9_89.png
94,102,9_90.png
97,102,9_72.png
98,102,9_73.png
119,102,9_80.png
120,102,9_81.png
121,102,9_82.png
147,102,9_30.png
148,102,9_31.png
149,102,9_32.png
57,103,9_229.png
58,103,9_230.png
91,103,9_74.png
92,103,9_75.png
93,103,9_76.png
97,103,9_92.png
98,103,9_93.png
149,103,9_4.png
150,103,9_5.png
151,103,9_6.png
64,104,9_170.png
65,104,9_171.png
87,104,9_163.png
88,104,9_164.png
92,104,9_95.png
93,104,9_96.png
94,104,9_2.png
95,104,9_3.png
133,104,9_7.png
134,104,9_8.png
135,104,9_9.png
149,104,9_24.png
150,104,9_25.png
151,104,9_47.png
152,104,103_8.png
153,104,9_9.png
64,105,9_190.png
65,105,9_191.png
87,105,9_183.png
88,105,9_184.png
93,105,9_21.png
94,105,9_22.png
95,105,9_23.png
133,105,9_27.png
134,105,9_28.png
135,105,9_29.png
151,105,9_27.png
152,105,9_28.png
153,105,9_29.png
46,106,9_204.png
47,106,9_205.png
80,106,9_65.png
81,106,9_66.png
46,107,9_224.png
47,107,9_225.png
80,107,9_85.png
81,107,9_86.png
109,109,9_67.png
110,109,9_68.png
111,109,9_69.png
112,109,9_70.png
113,109,9_60.png
114,109,9_61.png
115,109,9_62.png
109,110,9_54.png
110,110,9_55.png
111,110,9_89.png
112,110,9_90.png
113,110,9_80.png
114,110,9_81.png
115,110,9_82.png
107,111,9_100.png
108,111,9_101.png
109,111,9_74.png
110,111,9_75.png
111,111,9_76.png
107,112,9_120.png
108,112,9_121.png
110,112,9_95.png
111,112,9_96.png
112,112,9_2.png
113,112,9_3.png
115,112,9_7.png
116,112,9_8.png
117,112,9_9.png
107,113,9_140.png
108,113,9_141.png
111,113,9_21.png
112,113,9_22.png
113,113,9_23.png
115,113,9_27.png
116,113,9_28.png
117,113,9_29.png
56,114,9_65.png
57,114,9_66.png
82,114,9_204.png
83,114,9_205.png
105,114,9_209.png
106,114,9_210.png
107,114,9_211.png
109,114,9_72.png
110,114,9_73.png
56,115,9_85.png
57,115,9_86.png
82,115,9_224.png
83,115,9_225.png
105,115,9_229.png
106,115,9_230.png
107,115,9_231.png
109,115,9_92.png
110,115,9_93.png
81,116,9_163.png
82,116,9_164.png
81,117,9_183.png
82,117,9_184.png
129,117,9_10.png
130,117,9_11.png
131,117,9_12.png
67,118,9_72.png
68,118,9_73.png
79,118,9_72.png
80,118,9_73.png
129,118,9_30.png
130,118,9_31.png
131,118,9_32.png
67,119,9_92.png
68,119,9_93.png
79,119,9_92.png
80,119,9_93.png
141,122,9_209.png
142,122,9_210.png
143,122,9_211.png
141,123,9_229.png
142,123,9_230.png
143,123,9_231.png
138,124,9_160.png
139,124,9_161.png
138,125,9_180.png
139,125,9_181.png
50,126,9_65.png
51,126,9_66.png
138,126,9_200.png
139,126,9_201.png
50,127,9_85.png
51,127,9_86.png
48,128,9_160.png
49,128,9_161.png
75,128,9_1.png
76,128,9_2.png
77,128,9_3.png
111,128,9_13.png
112,128,9_14.png
113,128,9_15.png
48,129,9_180.png
49,129,9_181.png
75,129,9_21.png
76,129,9_22.png
77,129,9_23.png
111,129,9_33.png
112,129,9_34.png
113,129,9_35.png
48,130,9_200.png
49,130,9_201.png
120,130,9_104.png
121,130,9_105.png
122,130,9_106.png
120,131,9_124.png
121,131,9_125.png
122,131,9_126.png
63,132,9_1.png
64,132,9_2.png
65,132,9_3.png
69,132,9_1.png
70,132,9_2.png
71,132,9_3.png
90,132,9_160.png
91,132,9_161.png
63,133,9_21.png
64,133,9_102.png
65,133,9_41.png
66,133,9_61.png
67,133,9_62.png
69,133,9_21.png
70,133,9_22.png
71,133,9_23.png
90,133,9_180.png
91,133,9_181.png
64,134,9_122.png
65,134,9_80.png
66,134,9_81.png
67,134,9_82.png
69,134,9_209.png
70,134,9_210.png
71,134,9_211.png
72,134,101_104.png
73,134,9_105.png
74,134,9_106.png
76,134,9_204.png
77,134,9_205.png
90,134,9_200.png
91,134,9_201.png
69,135,9_229.png
70,135,9_230.png
71,135,9_100.png
72,135,9_144.png
73,135,9_125.png
74,135,9_126.png
76,135,9_224.png
77,135,9_225.png
71,136,9_120.png
72,136,9_121.png
71,137,9_140.png
72,137,9_141.png
131,137,9_60.png
132,137,9_61.png
133,137,9_62.png
42,138,9_104.png
43,138,9_105.png
44,138,9_106.png
131,138,9_80.png
132,138,9_81.png
133,138,9_82.png
42,139,9_124.png
43,139,9_125.png
44,139,9_126.png
92,140,9_64.png
89,141,9_60.png
90,141,9_61.png
91,141,9_83.png
92,141,9_84.png
89,142,9_80.png
90,142,9_81.png
91,142,9_82.png
